,Company,CIK,Revenue ($B),Net Income ($B),Total Assets ($B),Total Liabilities ($B),Cash ($B),Risk Level
1,AMAZON COM INC,0001018724,716.92,77.67,818.04,,86.81,Low Risk
2,Walmart Inc.,0000104169,680.99,19.44,260.82,,9.04,Low Risk
3,UNITEDHEALTH GROUP INC,0000731766,447.57,12.06,309.58,207.88,24.36,Medium Risk
4,Alphabet Inc.,0001652044,402.84,132.17,595.28,180.02,30.71,Low Risk
5,CVS HEALTH Corp,0000064803,402.07,1.77,253.54,178.16,8.45,Medium Risk
6,BERKSHIRE HATHAWAY INC,0001067983,371.44,66.97,1222.18,502.47,31.58,Low Risk
7,EXXON MOBIL CORP,0000034088,332.24,28.84,448.98,182.35,10.68,Low Risk
8,"Cencora, Inc.",0001140859,321.33,1.55,76.59,,4.36,Low Risk
9,COSTCO WHOLESALE CORP /NEW,0000909832,275.24,8.1,77.1,47.94,14.16,Medium Risk
10,Cigna Group,0001739940,274.9,5.96,157.92,116.05,7.68,Medium Risk
11,Apple Inc.,0000320193,265.6,112.01,359.24,285.51,35.93,Medium Risk
12,CARDINAL HEALTH INC,0000721371,222.58,1.56,53.12,,3.87,Low Risk
13,NVIDIA CORP,0001045810,215.94,120.07,206.8,49.51,10.61,Low Risk
14,"Elevance Health, Inc.",0001156039,199.12,5.66,121.49,77.47,9.49,Medium Risk
15,CENTENE CORP,0001071739,194.78,-6.67,76.75,56.69,17.89,Medium Risk
16,CHEVRON CORP,0000093410,189.03,12.3,324.01,131.84,8.18,Low Risk
17,General Motors Co,0001467858,185.02,2.7,281.28,218.12,20.95,Medium Risk
18,FORD MOTOR CO,0000037996,184.99,5.88,289.16,253.18,23.36,High Risk
19,JPMORGAN CHASE & CO,0000019617,182.45,57.05,4424.9,4062.46,278.79,High Risk
20,KROGER CO,0000056873,147.12,2.67,52.62,44.34,3.96,High Risk
21,VERIZON COMMUNICATIONS INC,0000732712,138.19,17.17,404.26,,19.05,Low Risk
22,Phillips 66,0001534701,132.38,4.4,73.68,43.44,1.12,Medium Risk
23,HUMANA INC,0000049071,129.66,1.19,48.91,31.17,4.2,Medium Risk
24,AT&T INC.,0000732717,125.65,21.95,420.2,279.03,18.23,Medium Risk
25,COMCAST CORP,0001166691,121.57,20.0,272.63,,9.48,Low Risk
26,BANK OF AMERICA CORP /DE/,0000070858,113.1,30.51,3411.74,3108.49,161.56,High Risk
27,MCKESSON CORP,0000927653,112.08,3.29,75.14,,5.69,Low Risk
28,Dell Technologies Inc.,0001571996,95.57,4.59,79.75,81.13,3.63,High Risk
29,"Tesla, Inc.",0001318605,94.83,3.79,137.81,54.94,16.51,Low Risk
30,Walt Disney Co,0001744489,94.42,12.4,197.51,,5.7,Low Risk
31,JOHNSON & JOHNSON,0000200406,94.19,26.8,199.21,117.67,19.71,Medium Risk
32,PEPSICO INC,0000077476,93.92,8.24,107.4,86.85,9.16,High Risk
33,BOEING CO,0000012927,89.46,2.23,168.24,162.78,10.92,High Risk
34,PROGRESSIVE CORP/OH/,0000080661,87.67,11.31,123.04,92.72,,Medium Risk
35,Energy Transfer LP,0001276187,85.54,4.43,141.29,,1.27,Low Risk
36,CITIGROUP INC,0000831001,85.22,14.31,2657.2,2443.38,188.1,High Risk
37,WELLS FARGO & COMPANY/MN,0000072971,85.06,21.34,2148.63,1965.59,,High Risk
38,PROCTER & GAMBLE Co,0000080424,84.28,15.97,125.23,72.95,4.24,Medium Risk
39,LOWES COMPANIES INC,0000060667,83.67,6.96,43.1,57.33,1.76,High Risk
40,SYSCO CORP,0000096021,81.37,1.83,26.77,,1.07,Low Risk
41,RTX Corp,0000101829,80.74,6.73,171.08,103.94,7.43,Medium Risk
42,"Albertsons Companies, Inc.",0001646972,80.39,0.96,26.76,,0.29,Low Risk
43,Archer-Daniels-Midland Co,0000007084,80.27,1.08,52.39,,1.01,Low Risk
44,METLIFE INC,0001099219,77.08,3.38,745.17,716.25,22.03,High Risk
45,"HCA Healthcare, Inc.",0000860730,75.6,6.78,60.72,45.62,1.04,Medium Risk
46,LOCKHEED MARTIN CORP,0000936468,75.05,5.02,59.84,53.12,4.12,High Risk
47,TARGET CORP,0000027419,72.62,3.71,59.49,,,Low Risk
48,Bunge Global SA,0001996862,70.33,0.82,44.53,,1.14,Low Risk
49,Accenture plc,0001467373,69.67,7.68,65.39,,11.48,Low Risk
50,ALLSTATE CORP,0000899051,67.69,10.28,119.76,89.17,,Medium Risk
51,CATERPILLAR INC,0000018230,67.59,2.7,98.58,77.27,9.98,Medium Risk
52,INTERNATIONAL BUSINESS MACHINES CORP,0000051143,67.53,10.59,151.88,119.14,13.59,Medium Risk
53,"HOME DEPOT, INC.",0000354950,66.18,14.81,96.12,89.48,1.66,High Risk
54,UNITED PARCEL SERVICE INC,0001090727,65.87,5.57,73.09,,5.89,Low Risk
55,FEDEX CORP,0001048911,65.45,4.09,87.63,,5.5,Low Risk
56,ELI LILLY & Co,0000059478,65.18,20.64,112.48,,7.27,Low Risk
57,"Merck & Co., Inc.",0000310158,65.01,18.25,136.87,,14.56,Low Risk
58,PFIZER INC,0000078003,62.58,7.77,208.16,121.39,1.14,Medium Risk
59,MICROSOFT CORP,0000789019,62.48,101.83,619.0,275.52,30.24,Low Risk
60,AbbVie Inc.,0001551152,61.16,4.23,133.96,,5.23,Low Risk
61,PRUDENTIAL FINANCIAL INC,0001137774,60.77,3.58,773.74,738.16,19.71,High Risk
62,Chubb Ltd,0000896159,59.4,10.31,272.33,192.55,2.01,Medium Risk
63,CONOCOPHILLIPS,0001163165,58.94,7.99,121.94,57.45,6.5,Low Risk
64,ORACLE CORP,0001341439,57.4,12.44,168.36,,10.79,Low Risk
65,HP INC,0000047217,55.3,2.53,41.77,,3.69,Low Risk
66,"CHARTER COMMUNICATIONS, INC. /MO/",0001091667,54.77,4.99,154.21,,0.48,Low Risk
67,"TYSON FOODS, INC.",0000100493,54.44,0.47,36.66,,1.23,Low Risk
68,CAPITAL ONE FINANCIAL CORP,0000927628,53.43,2.45,669.01,555.39,,High Risk
69,INTEL CORP,0000050863,52.85,-0.27,211.43,,14.27,Low Risk
70,ENTERPRISE PRODUCTS PARTNERS L.P.,0001061219,52.6,5.81,77.9,,0.97,Low Risk
71,GENERAL DYNAMICS CORP,0000040533,52.55,4.21,57.25,,2.33,Low Risk
72,"Uber Technologies, Inc",0001543151,52.02,10.05,61.8,33.72,7.11,Medium Risk
73,"CISCO SYSTEMS, INC.",0000858877,49.33,10.18,122.29,75.45,8.35,Medium Risk
74,"TRAVELERS COMPANIES, INC.",0000086312,48.83,6.29,143.71,110.81,,Medium Risk
75,BRISTOL MYERS SQUIBB CO,0000014272,48.19,7.05,90.04,71.53,10.21,Medium Risk
76,COCA COLA CO,0000021344,47.94,13.11,104.82,,10.27,Low Risk
77,"NIKE, Inc.",0000320187,46.31,3.22,36.58,,7.46,Low Risk
78,GENERAL ELECTRIC CO,0000040545,45.85,8.7,130.17,111.27,43.3,High Risk
79,DEERE & CO,0000315189,45.68,5.03,106.0,79.99,8.28,Medium Risk
80,NETFLIX INC,0001065280,45.18,10.98,55.6,28.98,9.03,Medium Risk
81,ABBOTT LABORATORIES,0000001800,44.33,6.52,86.71,,8.52,Low Risk
82,QUALCOMM INC/DE,0000804328,44.28,5.54,50.14,28.94,5.52,Medium Risk
83,PLAINS ALL AMERICAN PIPELINE LP,0001070423,44.26,1.44,30.17,9.13,0.33,Low Risk
84,NORTHROP GRUMMAN CORP /DE/,0001133421,41.95,4.18,51.38,34.7,4.4,Medium Risk
85,BEST BUY CO INC,0000764478,41.53,0.93,14.78,,1.58,Low Risk
86,"Meta Platforms, Inc.",0001326801,40.65,60.46,366.02,148.78,35.87,Low Risk
87,Philip Morris International Inc.,0001413329,40.65,11.35,69.19,77.21,4.87,High Risk
88,DOLLAR GENERAL CORP,0000029534,40.61,1.13,31.13,,0.93,Low Risk
89,"T-Mobile US, Inc.",0001283699,40.6,10.99,219.24,6.83,5.6,Low Risk
90,"CBRE GROUP, INC.",0001138118,40.55,1.16,30.88,21.25,1.86,Medium Risk
91,DOW INC.,0001751788,39.97,,58.54,,3.82,Low Risk
92,US Foods Holding Corp.,0001665918,39.42,0.68,13.94,9.64,0.04,Medium Risk
93,"Mondelez International, Inc.",0001103982,38.54,2.45,71.49,45.6,4.47,Medium Risk
94,GE Vernova Inc.,0001996810,38.07,4.88,63.02,50.72,,High Risk
95,"United Airlines Holdings, Inc.",0000100517,37.74,3.35,76.45,,5.94,Low Risk
96,CRH PUBLIC LTD CO,0000849395,37.45,3.75,58.33,32.85,4.1,Medium Risk
97,STARBUCKS CORP,0000829224,37.18,1.86,32.02,40.11,6.46,High Risk
98,HONEYWELL INTERNATIONAL INC,0000773840,36.53,4.73,73.68,,12.49,Low Risk
99,ADVANCED MICRO DEVICES INC,0000002488,34.64,4.33,76.93,,5.54,Low Risk
100,"Coupang, Inc.",0001834584,34.53,0.21,17.79,13.16,6.32,Medium Risk
101,Hewlett Packard Enterprise Co,0001645590,34.3,0.06,75.91,14.28,5.77,Low Risk
102,MORGAN STANLEY,0000895421,34.27,16.86,1420.27,1307.62,111.69,High Risk
103,HORTON D R INC /DE/,0000882184,34.25,3.59,35.47,10.73,2.99,Low Risk
104,LENNAR CORP /NEW/,0000920760,34.19,2.08,34.43,12.29,3.76,Low Risk
105,LINDE PLC,0001707925,33.99,6.9,86.82,47.08,5.06,Medium Risk
106,CUMMINS INC,0000026172,33.67,1.04,33.99,20.58,2.1,Medium Risk
107,Medtronic plc,0001613103,33.54,4.66,91.68,43.42,2.22,Low Risk
108,"PayPal Holdings, Inc.",0001633917,33.17,5.23,80.17,59.92,8.05,Medium Risk
109,Mastercard Inc,0001141391,32.79,3.12,54.16,46.41,10.57,High Risk
110,"Apollo Global Management, Inc.",0001858681,32.05,3.49,460.95,418.43,8.98,High Risk
111,Smurfit Westrock plc,0002005951,31.18,0.7,45.16,26.8,0.89,Medium Risk
112,Marathon Petroleum Corp,0001510295,31.09,4.05,83.95,59.87,3.67,Medium Risk
113,Ferguson Enterprises Inc. /DE/,0002011641,30.76,1.86,17.73,11.9,0.67,Medium Risk
114,"NRG ENERGY, INC.",0001013871,30.71,0.86,29.14,27.46,4.71,High Risk
115,SLB LIMITED/NV,0000087347,30.44,3.37,54.87,27.58,3.13,Medium Risk
116,MICRON TECHNOLOGY INC,0000723125,30.39,8.54,82.8,28.63,9.64,Low Risk
117,LyondellBasell Industries N.V.,0001489393,30.15,3.4,34.0,,3.44,Low Risk
118,SOUTHERN CO,0000092122,29.55,4.34,155.72,116.85,1.64,Medium Risk
119,TJX COMPANIES INC /DE/,0000109198,29.08,4.86,31.75,,5.33,Low Risk
120,MERCADOLIBRE INC,0001099590,28.89,2.0,42.67,35.92,3.67,High Risk
121,FLEX LTD.,0000866374,28.68,0.84,18.38,13.38,2.29,Medium Risk
122,US BANCORP DE,0000036104,28.66,7.57,692.35,626.69,8.25,High Risk
123,"QUANTA SERVICES, INC.",0001050915,28.48,1.03,24.93,15.9,0.44,Medium Risk
124,PACCAR INC,0000075362,28.44,2.38,44.34,,3.44,Low Risk
125,Medline Inc.,0002046386,28.43,1.16,38.48,19.2,1.94,Low Risk
126,"HARTFORD INSURANCE GROUP, INC.",0000874766,28.37,3.84,86.0,67.02,,Medium Risk
127,AMERICAN EXPRESS CO,0000004962,27.82,10.83,300.05,266.58,0.65,High Risk
128,Baker Hughes Co,0001701605,27.73,2.59,40.88,,7.02,Low Risk
129,"MARSH & MCLENNAN COMPANIES, INC.",0000062709,26.98,4.16,58.71,,2.69,Low Risk
130,Booking Holdings Inc.,0001075531,26.92,0.29,29.26,34.84,17.2,High Risk
131,MCDONALDS CORP,0000063908,26.89,8.56,59.52,,0.77,Low Risk
132,HF Sinclair Corp,0001915657,26.87,0.58,16.51,7.26,0.98,Low Risk
133,"AMERICAN INTERNATIONAL GROUP, INC.",0000005272,26.77,3.1,161.25,120.09,,Medium Risk
134,MARRIOTT INTERNATIONAL INC /MD/,0001048286,26.19,2.6,27.54,,0.36,Low Risk
135,JONES LANG LASALLE INC,0001037976,26.12,0.79,17.8,10.18,0.6,Medium Risk
136,FREEPORT-MCMORAN INC,0000831259,25.91,,58.17,27.4,3.82,Low Risk
137,Constellation Energy Corp,0001868275,25.53,2.32,57.25,42.4,3.64,Medium Risk
138,AMGEN INC,0000318154,25.42,7.71,90.59,,9.13,Low Risk
139,JABIL INC,0000898293,25.28,0.66,18.54,17.03,1.93,High Risk
140,Sunoco LP,0001552275,25.2,0.53,28.36,20.35,0.89,Medium Risk
141,"Live Nation Entertainment, Inc.",0001335258,25.2,0.5,22.91,,7.09,Low Risk
142,STRYKER CORP,0000310764,25.12,3.25,47.84,25.42,4.01,Medium Risk
143,NUCOR CORP,0000073309,25.07,1.74,35.1,12.98,2.26,Low Risk
144,3M CO,0000066740,24.95,3.25,37.73,32.99,2.4,High Risk
145,PG&E Corp,0001004980,24.93,1.22,141.61,,0.71,Low Risk
146,"GILEAD SCIENCES, INC.",0000882095,24.69,8.51,59.02,,5.41,Low Risk
147,EMERSON ELECTRIC CO,0000032604,24.41,2.29,41.96,,2.35,Low Risk
148,GENUINE PARTS CO,0000040987,24.3,0.07,20.8,,0.33,Low Risk
149,EXELON CORP,0001109357,24.26,1.17,116.57,87.77,0.63,Medium Risk
150,"Block, Inc.",0001512673,24.19,1.31,39.55,17.38,6.56,Low Risk
151,SCHWAB CHARLES CORP,0000316709,23.92,8.85,491.0,441.57,46.03,High Risk
152,ADOBE INC.,0000796343,23.77,7.13,29.5,17.87,5.43,Medium Risk
153,REINSURANCE GROUP OF AMERICA INC,0000898174,23.7,1.18,156.59,143.04,4.17,High Risk
154,INTERNATIONAL PAPER CO /NEW/,0000051434,23.63,-3.52,37.96,,1.15,Low Risk
155,"ALTRIA GROUP, INC.",0000764180,23.28,6.95,35.02,38.47,4.47,High Risk
156,"PNC FINANCIAL SERVICES GROUP, INC.",0000713676,23.1,,573.57,512.94,,High Risk
157,AMPHENOL CORP /DE/,0000820313,23.09,4.27,36.24,22.73,11.13,Medium Risk
158,EOG RESOURCES INC,0000821189,22.63,4.98,51.8,,3.4,Low Risk
159,ONEOK INC /NEW/,0001039684,22.39,3.39,66.64,,0.08,Low Risk
160,STEEL DYNAMICS INC,0001022671,22.26,1.19,16.42,7.49,0.77,Low Risk
161,AMERICAN ELECTRIC POWER CO INC,0000004904,21.88,1.48,114.46,82.2,0.2,Medium Risk
162,VISA INC.,0001403161,21.85,20.06,99.63,61.72,17.16,Medium Risk
163,BECTON DICKINSON & CO,0000010795,21.84,1.68,55.33,,0.64,Low Risk
164,CARRIER GLOBAL Corp,0001783180,21.75,1.48,37.19,23.06,1.55,Medium Risk
165,OCCIDENTAL PETROLEUM CORP /DE/,0000797468,21.59,4.7,84.19,,1.97,Low Risk
166,FISERV INC,0000798354,21.19,3.48,80.13,54.32,0.8,Medium Risk
167,"ROSS STORES, INC.",0000745732,21.13,2.09,14.91,,4.73,Low Risk
168,COGNIZANT TECHNOLOGY SOLUTIONS CORP,0001058290,21.11,2.23,20.69,5.68,1.9,Low Risk
169,THERMO FISHER SCIENTIFIC INC.,0000097745,20.92,6.7,110.34,,9.85,Low Risk
170,Broadcom Inc.,0001730168,20.85,5.89,171.09,89.8,16.18,Medium Risk
171,GE HealthCare Technologies Inc.,0001932393,20.62,2.08,36.91,26.31,4.49,Medium Risk
172,AUTOMATIC DATA PROCESSING INC,0000008670,20.56,4.08,53.37,47.18,3.35,High Risk
173,"BJ's Wholesale Club Holdings, Inc.",0001531152,20.5,0.53,7.07,,0.03,Low Risk
174,"DuPont de Nemours, Inc.",0001666700,20.4,-0.78,21.57,7.47,0.71,Low Risk
175,Aptiv PLC,0001521332,20.4,0.17,23.41,13.91,1.85,Medium Risk
176,CARVANA CO.,0001690820,20.32,1.41,13.2,9.0,2.33,Medium Risk
177,Bank of New York Mellon Corp,0001390777,20.08,5.55,472.3,427.49,5.11,High Risk
178,TD SYNNEX CORP,0001177394,20.05,0.83,34.25,25.8,2.44,Medium Risk
179,"Cheniere Energy, Inc.",0000003570,19.98,5.33,47.88,34.8,1.1,Medium Risk
180,ARCH CAPITAL GROUP LTD.,0000947484,19.93,4.4,79.24,55.03,0.99,Medium Risk
181,DANAHER CORP /DE/,0000313616,19.89,3.61,83.46,8.44,19.91,Low Risk
182,Duke Energy CORP,0001326160,19.62,4.97,195.74,,0.24,Low Risk
183,UNION PACIFIC CORP,0000100885,19.53,7.14,69.7,51.23,1.27,Medium Risk
184,KKR & Co. Inc.,0001404912,19.46,2.37,410.14,328.51,5.36,High Risk
185,EDISON INTERNATIONAL,0000827052,19.32,4.46,94.03,74.77,0.16,Medium Risk
186,"Moderna, Inc.",0001682852,19.26,-2.82,12.34,3.69,2.6,Low Risk
187,"REPUBLIC SERVICES, INC.",0001060391,19.03,2.14,34.37,,0.08,Low Risk
188,AUTOZONE INC,0000866787,18.94,2.5,19.36,,0.27,Low Risk
189,AMERIPRISE FINANCIAL INC,0000820027,18.91,3.56,190.9,184.35,2.32,High Risk
190,CARNIVAL CORP,0000815097,18.88,2.76,51.69,,1.93,Low Risk
191,INTUIT INC.,0000896878,18.83,3.87,36.96,17.25,2.88,Low Risk
192,PILGRIMS PRIDE CORP,0000802481,18.5,1.08,10.34,6.65,0.64,Medium Risk
193,TENET HEALTHCARE CORP,0000070318,18.48,1.12,29.68,20.7,2.88,Medium Risk
194,"Corebridge Financial, Inc.",0001889539,18.48,-0.37,413.55,399.59,,High Risk
195,LOEWS CORP,0000060086,18.45,1.67,86.35,66.71,,Medium Risk
196,CNH Industrial N.V.,0001567094,18.09,0.51,42.75,34.92,2.58,High Risk
197,HALLIBURTON CO,0000045012,17.97,1.28,25.01,14.51,2.21,Medium Risk
198,"W.W. GRAINGER, INC.",0000277135,17.94,1.71,8.96,,0.58,Low Risk
199,SHERWIN WILLIAMS CO,0000089800,17.9,2.57,25.9,,0.21,Low Risk
200,EBAY INC,0001065088,17.9,2.03,17.61,12.99,1.87,Medium Risk
201,O REILLY AUTOMOTIVE INC,0000898173,17.78,2.54,16.54,,0.19,Low Risk
202,Vistra Corp.,0001692819,17.74,0.94,41.55,36.44,0.79,High Risk
203,TEXAS INSTRUMENTS INC,0000097476,17.68,5.0,34.59,18.31,3.23,Medium Risk
204,Performance Food Group Co,0001618673,17.62,0.34,17.88,13.41,,Medium Risk
205,"DOLLAR TREE, INC.",0000935703,17.58,-3.03,18.64,14.67,1.26,Medium Risk
206,"EVEREST GROUP, LTD.",0001095073,17.5,1.59,62.51,47.05,0.66,Medium Risk
207,"Corteva, Inc.",0001755672,17.4,1.09,42.84,,4.52,Low Risk
208,UNIVERSAL HEALTH SERVICES INC,0000352915,17.36,1.49,15.53,,0.14,Low Risk
209,OMNICOM GROUP INC.,0000029989,17.27,-0.05,54.42,,5.32,Low Risk
210,TE Connectivity plc,0001385157,17.26,1.84,25.08,12.35,1.25,Low Risk
211,DEVON ENERGY CORP/DE,0001090012,17.19,2.64,31.6,,1.38,Low Risk
212,"Leidos Holdings, Inc.",0001336920,17.17,1.45,13.49,8.53,1.11,Medium Risk
213,AFLAC INC,0000004977,17.16,3.65,116.47,86.98,6.25,Medium Risk
214,Targa Resources Corp.,0001389170,17.03,1.92,25.22,,0.17,Low Risk
215,"EMCOR Group, Inc.",0000105634,16.99,1.27,9.29,5.62,1.11,Medium Risk
216,LPL Financial Holdings Inc.,0001397911,16.99,0.86,18.49,13.15,1.04,Medium Risk
217,"KINDER MORGAN, INC.",0001506307,16.94,3.06,72.75,40.3,0.06,Medium Risk
218,CONSOLIDATED EDISON INC,0001047862,16.92,2.02,74.6,,1.63,Low Risk
219,Keurig Dr Pepper Inc.,0001418135,16.6,2.08,55.46,29.94,1.03,Medium Risk
220,"DOMINION ENERGY, INC",0000715957,16.51,3.0,115.86,82.44,0.25,Medium Risk
221,KIMBERLY CLARK CORP,0000055785,16.45,2.02,17.1,,0.69,Low Risk
222,AECOM,0000868857,16.14,0.56,12.2,9.5,1.59,Medium Risk
223,"UNITED RENTALS, INC.",0001067701,16.1,2.49,29.87,20.9,0.46,Medium Risk
224,ECOLAB INC.,0000031462,16.08,2.08,24.7,14.89,0.65,Medium Risk
225,CASEYS GENERAL STORES INC,0000726958,15.94,0.55,8.21,4.7,0.33,Medium Risk
226,RAYMOND JAMES FINANCIAL INC,0000720005,15.91,2.13,88.23,75.73,11.39,High Risk
227,PRINCIPAL FINANCIAL GROUP INC,0001126328,15.63,1.19,341.38,328.99,4.43,High Risk
228,CORNING INC /NY,0000024741,15.63,1.6,30.98,18.67,1.53,Medium Risk
229,TRACTOR SUPPLY CO /DE/,0000916365,15.52,1.1,10.93,8.35,0.19,Medium Risk
230,MARKEL GROUP INC.,0001096343,15.51,2.11,68.91,49.8,3.96,Medium Risk
231,COLGATE PALMOLIVE CO,0000021665,15.45,2.13,16.33,15.96,1.29,High Risk
232,"Builders FirstSource, Inc.",0001316835,15.19,0.44,11.24,6.89,0.18,Medium Risk
233,"STANLEY BLACK & DECKER, INC.",0000093556,15.13,0.4,21.24,,0.28,Low Risk
234,Kenvue Inc.,0001944048,15.12,1.47,27.08,16.31,1.06,Medium Risk
235,PPG INDUSTRIES INC,0000079879,15.11,1.58,22.1,14.0,2.16,Medium Risk
236,FIRSTENERGY CORP,0001031296,15.09,1.02,55.9,41.98,0.06,Medium Risk
237,"Diamondback Energy, Inc.",0001539838,15.03,1.66,71.06,28.09,0.1,Low Risk
238,EchoStar CORP,0001415404,15.0,-14.5,43.02,37.2,1.88,High Risk
239,CNA FINANCIAL CORP,0000021175,14.99,1.28,69.44,57.82,,High Risk
240,JACOBS SOLUTIONS INC.,0000052988,14.98,0.29,11.25,,1.24,Low Risk
241,Fox Corp,0001754301,14.91,,23.2,,,Low Risk
242,"C. H. ROBINSON WORLDWIDE, INC.",0001043277,14.87,0.59,5.06,3.21,0.16,Medium Risk
243,"RELIANCE, INC.",0000861884,14.81,0.74,10.37,3.19,0.22,Low Risk
244,TEXTRON INC,0000217346,14.8,0.92,18.13,10.25,1.26,Medium Risk
245,Trane Technologies plc,0001466258,14.78,2.92,21.42,12.82,1.76,Medium Risk
246,ILLINOIS TOOL WORKS INC,0000049826,14.77,,16.15,,0.85,Low Risk
247,"Expedia Group, Inc.",0001324424,14.73,1.29,24.45,,5.41,Low Risk
248,BERKLEY W R CORP,0000011544,14.71,1.78,44.07,34.36,2.54,Medium Risk
249,APPLIED MATERIALS INC /DE,0000006951,14.61,7.0,36.3,15.88,7.24,Low Risk
250,Aramark,0001584509,14.6,0.33,13.3,,0.64,Low Risk
251,WASTE MANAGEMENT INC,0000823768,14.48,2.71,45.84,35.84,0.2,Medium Risk
252,Blackstone Inc.,0001393818,14.45,3.02,47.71,25.83,2.63,Medium Risk
253,"Fidelity National Financial, Inc.",0001331875,14.45,0.6,109.01,100.04,2.64,High Risk
254,Otis Worldwide Corp,0001781335,14.43,1.38,10.65,15.92,1.1,High Risk
255,ESTEE LAUDER COMPANIES INC,0001001250,14.33,0.68,19.89,8.74,2.18,Low Risk
256,BORGWARNER INC,0000908255,14.32,0.28,13.77,8.15,1.84,Medium Risk
257,Parker-Hannifin Corp,0000076334,14.3,2.84,29.49,15.8,0.47,Medium Risk
258,Viatris Inc,0001792044,14.3,0.0,37.19,22.48,1.32,Medium Risk
259,MASTEC INC,0000015615,14.3,0.4,9.92,6.59,0.4,Medium Risk
260,NEXTERA ENERGY INC,0000753308,14.26,6.83,212.72,146.24,2.81,Medium Risk
261,SMITHFIELD FOODS INC,0000091388,14.14,0.95,11.05,,0.31,Low Risk
262,LABCORP HOLDINGS INC.,0000920148,13.95,0.88,18.39,9.76,0.53,Medium Risk
263,STATE STREET CORP,0000093751,13.94,2.94,366.05,338.21,,High Risk
264,"Venture Global, Inc.",0002007855,13.77,,53.45,41.45,2.35,Medium Risk
265,"DoorDash, Inc.",0001792789,13.72,0.94,19.66,9.61,4.38,Low Risk
266,SEMPRA,0001032208,13.7,1.84,110.88,,0.03,Low Risk
267,DAVITA INC.,0000927066,13.64,0.75,17.48,16.32,0.68,High Risk
268,EVERSOURCE ENERGY,0000072741,13.55,-0.43,63.79,,0.14,Low Risk
269,"DICK'S SPORTING GOODS, INC.",0001089063,13.44,0.18,10.46,,1.69,Low Risk
270,Unum Group,0000005513,13.08,0.74,63.52,52.4,,High Risk
271,LAS VEGAS SANDS CORP,0001300514,13.02,1.63,21.92,19.99,3.84,High Risk
272,MPLX LP,0001552000,13.0,3.93,43.01,28.48,2.14,Medium Risk
273,ENTERGY CORP /DE/,0000065984,12.95,2.36,71.89,,1.93,Low Risk
274,RENAISSANCERE HOLDINGS LTD,0000913144,12.85,2.68,53.8,34.59,1.73,Medium Risk
275,Alcoa Corp,0001675149,12.83,1.16,16.13,9.94,1.6,Medium Risk
276,"ASSURANT, INC.",0001267238,12.81,0.87,36.29,30.42,1.83,High Risk
277,"BlackRock, Inc.",0002012383,12.79,5.55,170.0,108.46,11.47,Medium Risk
278,CINCINNATI FINANCIAL CORP,0000020286,12.63,2.39,41.0,25.09,1.14,Medium Risk
279,DTE ENERGY CO,0000936340,12.61,1.46,54.07,,0.21,Low Risk
280,"HUNTINGTON INGALLS INDUSTRIES, INC.",0001501585,12.48,0.6,12.75,7.68,0.63,Medium Risk
281,CELESTICA INC,0001030894,12.39,0.83,7.21,5.0,0.6,Medium Risk
282,NXP Semiconductors N.V.,0001413447,12.27,2.02,26.56,,3.27,Low Risk
283,Paramount Skydance Corp,0002041610,12.27,-0.59,43.34,,3.27,Low Risk
284,"Airbnb, Inc.",0001559720,12.24,2.51,22.21,14.01,6.56,Medium Risk
285,AES CORP,0000874761,12.23,0.91,51.77,,1.38,Low Risk
286,PUBLIC SERVICE ENTERPRISE GROUP INC,0000788784,12.17,2.11,57.58,,0.13,Low Risk
287,KLA CORP,0000319201,12.16,4.06,16.07,11.38,2.08,Medium Risk
288,EXPAND ENERGY Corp,0000895126,12.12,1.82,28.29,9.71,0.62,Low Risk
289,DARDEN RESTAURANTS INC,0000940944,12.08,1.05,12.59,10.28,0.24,High Risk
290,Hilton Worldwide Holdings Inc.,0001585689,12.04,1.46,16.77,22.12,0.92,High Risk
291,"Air Products & Chemicals, Inc.",0000002969,12.04,-0.39,41.06,23.71,1.86,Medium Risk
292,Booz Allen Hamilton Holding Corp,0001443646,11.98,0.94,7.31,6.31,0.89,High Risk
293,"WILLIAMS COMPANIES, INC.",0000107263,11.95,2.62,58.57,,0.15,Low Risk
294,CHIPOTLE MEXICAN GRILL INC,0001058090,11.93,1.54,8.99,6.16,0.35,Medium Risk
295,"Chewy, Inc.",0001766502,11.86,0.39,3.01,2.75,0.6,High Risk
296,Amrize Ltd,0002035989,11.81,1.19,24.25,10.99,1.92,Low Risk
297,"Yum China Holdings, Inc.",0001673358,11.8,0.93,10.78,4.68,0.51,Low Risk
298,"CROWN HOLDINGS, INC.",0001219601,11.66,0.74,14.27,,0.76,Low Risk
299,"Equitable Holdings, Inc.",0001333986,11.66,-1.38,317.99,316.2,12.46,High Risk
300,SHOPIFY INC.,0001594805,11.56,1.23,15.19,,1.54,Low Risk
301,XCEL ENERGY INC,0000072903,11.54,2.02,81.37,,0.13,Low Risk
302,"Ulta Beauty, Inc.",0001403568,11.3,1.2,6.0,3.51,0.7,Medium Risk
303,WESTLAKE CORP,0001262823,11.17,-1.51,19.96,10.67,2.72,Medium Risk
304,QUEST DIAGNOSTICS INC,0001022079,11.04,0.99,16.23,,0.42,Low Risk
305,BALL Corp,0000009389,10.98,0.44,19.52,14.1,1.21,Medium Risk
306,INTERNATIONAL FLAVORS & FRAGRANCES INC,0000051253,10.89,0.34,25.54,,0.59,Low Risk
307,WELLTOWER INC.,0000766704,10.84,0.22,67.3,24.1,5.03,Low Risk
308,Aon plc,0000315293,10.77,3.69,50.78,41.24,1.2,High Risk
309,CDW Corp,0001402057,10.77,1.07,16.03,5.97,0.62,Low Risk
310,"Cheniere Energy Partners, L.P.",0001383650,10.76,2.99,17.44,17.02,0.18,High Risk
311,"DELTA AIR LINES, INC.",0000027904,10.74,5.0,81.32,,4.31,Low Risk
312,"Fidelity National Information Services, Inc.",0001136893,10.68,0.38,33.49,19.59,0.6,Medium Risk
313,CSX CORP,0000277948,10.64,2.89,43.68,30.52,1.96,Medium Risk
314,AMERICAN TOWER CORP /MA/,0001053507,10.64,1.69,63.19,52.84,1.47,High Risk
315,"Burlington Stores, Inc.",0001579298,10.63,0.5,8.77,,0.99,Low Risk
316,lululemon athletica inc.,0001397187,10.59,1.81,7.6,3.28,0.88,Low Risk
317,"Warner Bros. Discovery, Inc.",0001437107,10.55,0.73,100.08,62.92,4.57,Medium Risk
318,NORFOLK SOUTHERN CORP,0000702165,10.55,2.87,45.24,29.69,1.53,Medium Risk
319,NVR INC,0000906163,10.32,1.34,5.86,1.99,2.81,Low Risk
320,"CONSTELLATION BRANDS, INC.",0000016918,10.21,-0.08,21.65,14.52,0.07,Medium Risk
321,INTUITIVE SURGICAL INC,0001035267,10.06,2.86,20.46,2.52,3.37,Low Risk
322,TechnipFMC plc,0001681459,9.93,0.96,10.12,6.71,1.03,Medium Risk
323,Johnson Controls International plc,0000833444,9.9,3.29,37.94,8.24,0.38,Low Risk
324,BIOGEN INC.,0000875045,9.89,1.29,29.44,11.18,2.91,Low Risk
325,MGM Resorts International,0000789570,9.81,0.21,41.37,38.1,2.06,High Risk
326,"WEC ENERGY GROUP, INC.",0000783325,9.8,0.64,51.52,,0.03,Low Risk
327,IQVIA HOLDINGS INC.,0001478242,9.74,1.36,29.94,23.31,1.98,Medium Risk
328,WILLIS TOWERS WATSON PLC,0001140536,9.71,1.6,29.53,21.48,3.13,Medium Risk
329,M&T BANK CORP,0000036270,9.64,2.85,213.51,184.33,1.42,High Risk
330,FIRST CITIZENS BANCSHARES INC /DE/,0000798941,9.54,2.21,229.7,207.46,9.03,High Risk
331,WESTERN DIGITAL CORP,0000106040,9.52,1.89,14.0,8.46,2.11,Medium Risk
332,"Waste Connections, Inc.",0001318220,9.47,1.08,21.13,12.88,0.05,Medium Risk
333,Zoetis Inc.,0001555280,9.47,2.67,15.47,12.14,1.56,Medium Risk
334,Restaurant Brands International Inc.,0001618756,9.43,0.14,25.61,20.46,0.91,Medium Risk
335,CENTERPOINT ENERGY INC,0001130310,9.36,1.05,46.53,,0.04,Low Risk
336,HORMEL FOODS CORP /DE/,0000048465,9.17,0.48,13.39,,0.67,Low Risk
337,OLD REPUBLIC INTERNATIONAL CORP,0000074260,9.14,0.94,29.86,23.93,,High Risk
338,COMFORT SYSTEMS USA INC,0001035983,9.1,1.02,6.44,3.99,0.98,Medium Risk
339,BOSTON SCIENTIFIC CORP,0000885725,9.08,,43.67,,1.97,Low Risk
340,PPL Corp,0000922224,9.04,1.18,45.24,,1.07,Low Risk
341,Xylem Inc.,0001524472,9.04,0.96,17.63,5.88,1.48,Low Risk
342,"Arista Networks, Inc.",0001596532,9.01,3.51,19.45,7.08,1.96,Low Risk
343,PACKAGING CORP OF AMERICA,0000075677,8.99,0.77,10.73,,0.53,Low Risk
344,Ovintiv Inc.,0001792580,8.91,1.24,20.39,9.2,0.04,Low Risk
345,Avery Dennison Corp,0000008818,8.86,0.69,8.8,,0.2,Low Risk
346,TransDigm Group INC,0001260221,8.83,2.07,22.91,32.59,2.81,High Risk
347,AMEREN CORP,0001002910,8.8,0.52,48.48,,0.01,Low Risk
348,"Prologis, Inc.",0001045609,8.79,3.33,98.72,40.97,1.15,Low Risk
349,EQT Corp,0000033213,8.64,2.04,41.79,14.43,0.11,Low Risk
350,CMS ENERGY CORP,0000811156,8.54,1.07,39.94,,0.51,Low Risk
351,NEWS CORP,0001564708,8.45,1.18,15.5,,2.4,Low Risk
352,"Salesforce, Inc.",0001108524,8.39,7.46,112.31,53.16,7.33,Low Risk
353,WESCO INTERNATIONAL INC,0000929008,8.36,0.64,16.49,11.47,0.21,Medium Risk
354,Solventum Corp,0001964738,8.32,1.56,14.29,9.24,0.88,Medium Risk
355,Monster Beverage Corp,0000865752,8.29,,9.99,,2.09,Low Risk
356,Howmet Aerospace Inc.,0000004281,8.25,1.51,11.18,5.83,0.74,Medium Risk
357,CITIZENS FINANCIAL GROUP INC/RI,0000759944,8.25,1.83,226.35,200.03,4.07,High Risk
358,"ZIMMER BIOMET HOLDINGS, INC.",0001136869,8.23,0.71,23.09,10.39,0.59,Low Risk
359,YUM BRANDS INC,0001041061,8.21,1.56,8.2,15.52,0.71,High Risk
360,FASTENAL CO,0000815556,8.2,1.26,5.05,,0.28,Low Risk
361,"Marvell Technology, Inc.",0001835632,8.19,2.67,22.29,7.98,2.64,Low Risk
362,AMERICAN FINANCIAL GROUP INC,0001042046,8.17,0.84,32.64,27.82,1.73,High Risk
363,HERSHEY CO,0000047111,8.15,0.88,13.74,9.1,0.59,Medium Risk
364,NORTHERN TRUST CORP,0000073124,8.09,1.74,177.13,164.17,,High Risk
365,Liberty Media Corp,0001560385,8.04,0.56,15.4,6.95,1.05,Low Risk
366,Ally Financial Inc.,0000040729,7.91,0.85,196.0,180.5,10.03,High Risk
367,APi Group Corp,0001796209,7.91,0.3,8.94,5.53,0.91,Medium Risk
368,ROPER TECHNOLOGIES INC,0000882835,7.9,1.54,34.58,14.7,0.3,Low Risk
369,Vulcan Materials CO,0001396009,7.78,1.08,16.7,8.15,0.18,Low Risk
370,"XPO, Inc.",0001166003,7.74,0.32,8.19,,0.31,Low Risk
371,WILLIAMS SONOMA INC,0000719955,7.71,1.13,5.3,3.16,1.21,Medium Risk
372,OSHKOSH CORP,0000775158,7.71,0.23,10.07,,0.48,Low Risk
373,Coterra Energy Inc.,0000858470,7.64,1.72,24.24,9.39,0.11,Low Risk
374,MASCO CORP /DE/,0000062996,7.56,0.81,5.2,5.12,0.65,High Risk
375,KEYCORP /NEW/,0000091576,7.51,1.83,184.38,164.0,,High Risk
376,ELECTRONIC ARTS INC.,0000712515,7.46,1.12,12.37,5.98,2.73,Low Risk
377,"Core & Main, Inc.",0001856525,7.44,0.41,5.87,4.1,0.01,Medium Risk
378,AMETEK INC/,0001037868,7.4,1.48,16.07,5.44,0.46,Low Risk
379,Seagate Technology Holdings plc,0001137789,7.38,1.47,8.02,8.48,0.89,High Risk
380,Sandisk Corp,0002023554,7.36,-1.64,12.98,3.77,1.48,Low Risk
381,GARMIN LTD,0001121788,7.25,1.66,10.99,,2.28,Low Risk
382,WATSCO INC,0000105016,7.24,0.5,4.41,,0.43,Low Risk
383,"Coca-Cola Consolidated, Inc.",0000317540,7.23,0.57,4.3,5.04,0.28,High Risk
384,"Autodesk, Inc.",0000769397,7.21,1.12,12.47,,2.25,Low Risk
385,HUNT J B TRANSPORT SERVICES INC,0000728535,7.19,0.6,7.93,4.36,0.02,Medium Risk
386,"Coinbase Global, Inc.",0001679788,7.18,1.26,29.67,14.88,11.29,Medium Risk
387,"Toll Brothers, Inc.",0000794170,7.14,1.35,14.52,6.23,1.26,Low Risk
388,"CF Industries Holdings, Inc.",0001324404,7.08,1.54,14.09,,0.29,Low Risk
389,RALPH LAUREN CORP,0001037038,7.08,0.74,7.05,4.46,1.92,Medium Risk
390,EXPEDITORS INTERNATIONAL OF WASHINGTON INC,0000746515,6.92,0.81,4.89,,1.31,Low Risk
391,WEYERHAEUSER CO,0000106535,6.91,0.32,16.61,7.19,0.46,Low Risk
392,MCCORMICK & CO INC,0000063754,6.84,0.79,13.2,7.43,0.1,Medium Risk
393,"Fortinet, Inc.",0001262039,6.8,1.85,10.39,9.15,2.5,High Risk
394,WYNN RESORTS LTD,0001174922,6.72,0.33,13.11,14.14,1.46,High Risk
395,NEWMONT Corp /DE/,0001164727,6.71,7.08,57.12,23.08,7.65,Low Risk
396,Gen Digital Inc.,0000849399,6.68,0.64,15.49,13.23,1.01,High Risk
397,"ROCKWELL AUTOMATION, INC",0001024478,6.67,0.87,11.22,,0.47,Low Risk
398,SOUTHERN COPPER CORP/,0001001838,6.65,2.34,21.38,,4.3,Low Risk
399,CME GROUP INC.,0001156375,6.52,4.07,198.42,169.7,4.42,High Risk
400,Fortive Corp,0001659166,6.45,0.58,11.74,,0.38,Low Risk
401,"SharkNinja, Inc.",0001957132,6.4,0.7,5.35,2.67,0.78,Low Risk
402,"Motorola Solutions, Inc.",0000068505,6.38,2.15,19.39,,1.17,Low Risk
403,SIMON PROPERTY GROUP INC.,0001063761,6.36,,40.61,33.9,0.82,High Risk
404,STIFEL FINANCIAL CORP,0000720672,6.35,0.68,41.27,35.29,2.25,High Risk
405,"NetApp, Inc.",0001002047,6.23,1.19,10.82,9.78,2.74,High Risk
406,ANALOG DEVICES INC,0000006281,6.2,2.27,47.99,,2.5,Low Risk
407,CHURCH & DWIGHT CO INC /DE/,0000313927,6.2,0.74,8.91,4.91,0.41,Medium Risk
408,"L3HARRIS TECHNOLOGIES, INC. /DE/",0000202058,6.18,1.61,41.2,21.56,1.07,Medium Risk
409,"Toast, Inc.",0001650164,6.15,0.34,3.15,1.02,1.35,Low Risk
410,MARTIN MARIETTA MATERIALS INC,0000916076,6.15,1.14,18.71,8.68,0.07,Low Risk
411,CLOROX CO /DE/,0000021076,6.12,0.81,5.56,5.08,0.17,High Risk
412,"DIGITAL REALTY TRUST, INC.",0001297996,6.11,1.31,49.41,24.56,3.45,Low Risk
413,EQUIFAX INC,0000033185,6.07,0.66,11.86,7.13,0.18,Medium Risk
414,Edwards Lifesciences Corp,0001099800,6.07,1.07,13.7,3.36,2.94,Low Risk
415,"StandardAero, Inc.",0002025410,6.06,0.28,6.56,3.89,,Medium Risk
416,S&P Global Inc.,0000064040,6.06,4.47,61.2,25.05,1.75,Low Risk
417,DraftKings Inc.,0001883685,6.05,0.0,4.53,3.9,1.13,High Risk
418,EQUINIX INC,0001101239,6.0,1.35,40.14,25.96,1.73,Medium Risk
419,GLOBE LIFE INC.,0000320335,5.99,1.16,30.81,24.84,0.06,High Risk
420,"Evergy, Inc.",0001711269,5.96,0.86,33.95,,0.02,Low Risk
421,Encompass Health Corp,0000785161,5.94,0.57,7.09,3.81,0.07,Medium Risk
422,"BROWN & BROWN, INC.",0000079282,5.9,1.05,29.99,3.86,1.08,Low Risk
423,"PENSKE AUTOMOTIVE GROUP, INC.",0001019849,5.88,0.94,17.6,12.02,0.06,Medium Risk
424,"Texas Roadhouse, Inc.",0001289460,5.88,0.27,3.55,2.07,0.13,Medium Risk
425,"TAPESTRY, INC.",0001116132,5.88,0.18,6.58,5.72,1.1,High Risk
426,"REGENERON PHARMACEUTICALS, INC.",0000872589,5.87,4.5,40.56,9.3,3.12,Low Risk
427,HUBBELL INC,0000048898,5.84,0.89,8.23,4.37,0.48,Medium Risk
428,U-Haul Holding Co /NV/,0000004457,5.83,0.37,20.48,12.98,0.99,Medium Risk
429,"Intercontinental Exchange, Inc.",0001571949,5.83,3.31,136.89,107.9,0.84,Medium Risk
430,"Ventas, Inc.",0000740260,5.83,0.27,27.59,14.63,0.74,Medium Risk
431,FRANKLIN RESOURCES INC,0000038777,5.77,0.52,32.37,18.18,4.65,Medium Risk
432,REALTY INCOME CORP,0000726728,5.75,1.06,72.8,32.67,0.43,Low Risk
433,TAKE TWO INTERACTIVE SOFTWARE INC,0000946581,5.63,-4.48,9.18,7.04,1.46,Medium Risk
434,PAYCHEX INC,0000723531,5.57,0.67,16.56,12.44,1.63,Medium Risk
435,Veralto Corp,0001967680,5.5,0.94,7.69,,2.03,Low Risk
436,AppLovin Corp,0001751008,5.48,3.33,7.26,5.12,2.49,Medium Risk
437,STERIS plc,0001757898,5.46,0.61,10.15,3.53,0.22,Low Risk
438,ZEBRA TECHNOLOGIES CORP,0000877212,5.4,0.42,8.5,4.91,0.12,Medium Risk
439,"HOST HOTELS & RESORTS, INC.",0001070750,5.39,0.77,13.05,6.32,0.77,Low Risk
440,"Rivian Automotive, Inc. / DE",0001874178,5.39,-3.65,14.86,10.27,3.58,Medium Risk
441,"Keysight Technologies, Inc.",0001601046,5.38,0.85,11.3,5.42,1.87,Low Risk
442,"HASBRO, INC.",0000046080,5.37,-0.32,5.55,4.99,4.58,High Risk
443,"Lineage, Inc.",0001868159,5.36,-0.1,19.18,9.94,0.17,Medium Risk
444,MICROCHIP TECHNOLOGY INC,0000827054,5.35,-0.0,15.37,,0.77,Low Risk
445,PINNACLE WEST CAPITAL CORP,0000764622,5.34,0.35,30.03,,0.01,Low Risk
446,RPM INTERNATIONAL INC/DE/,0000110621,5.32,0.69,7.78,,0.3,Low Risk
447,Invesco Ltd.,0000914208,5.31,0.54,27.09,14.09,1.04,Medium Risk
448,CADENCE DESIGN SYSTEMS INC,0000813672,5.3,1.11,10.15,,3.0,Low Risk
449,ANTERO RESOURCES Corp,0001433270,5.28,0.68,13.25,5.53,0.03,Low Risk
450,Atlassian Corp,0001650372,5.22,-0.26,6.04,4.7,2.51,Medium Risk
451,"FIRST SOLAR, INC.",0001274494,5.22,1.53,13.32,3.78,2.8,Low Risk
452,LENNOX INTERNATIONAL INC,0001069202,5.2,0.81,4.08,2.92,0.03,Medium Risk
453,Snap-on Inc,0000091440,5.16,1.02,8.41,2.46,1.62,Low Risk
454,ALBEMARLE CORP,0000915913,5.14,-0.51,16.37,,0.61,Low Risk
455,"CoreWeave, Inc.",0001769628,5.13,-1.17,49.3,45.97,3.13,High Risk
456,Amcor plc,0001748790,5.08,0.51,37.07,25.33,0.83,Medium Risk
457,SYNOPSYS INC,0000883241,5.08,1.33,48.22,19.9,2.89,Low Risk
458,Permian Resources Corp,0001658566,5.07,0.94,17.91,6.38,0.15,Low Risk
459,"ENSIGN GROUP, INC",0001125376,5.06,0.34,5.46,3.23,0.5,Medium Risk
460,CARLISLE COMPANIES INC,0000790051,5.0,0.74,6.26,,1.11,Low Risk
461,DECKERS OUTDOOR CORP,0000910521,4.99,0.97,3.57,,1.89,Low Risk
462,GoDaddy Inc.,0001609711,4.95,0.88,8.03,,0.93,Low Risk
463,DOMINOS PIZZA INC,0001286681,4.94,0.6,1.72,5.62,0.13,High Risk
464,"Zoom Communications, Inc.",0001585521,4.87,1.9,11.96,2.15,1.27,Low Risk
465,NISOURCE INC.,0001111711,4.87,0.93,35.86,,0.11,Low Risk
466,Public Storage,0001393311,4.82,1.78,20.21,10.87,0.32,Medium Risk
467,Brookfield Asset Management Ltd.,0001937926,4.82,2.4,17.05,6.74,1.58,Low Risk
468,Carlyle Group Inc.,0001527166,4.78,0.81,29.12,22.06,1.97,Medium Risk
469,CIENA CORP,0000936395,4.77,0.12,5.86,3.14,1.09,Medium Risk
470,Ares Management Corp,0001176948,4.76,0.53,28.63,19.93,,Medium Risk
471,"Qnity Electronics, Inc.",0002058873,4.75,,14.07,6.7,0.92,Low Risk
472,"ROKU, INC",0001428439,4.74,0.09,4.43,1.78,1.59,Low Risk
473,"TKO Group Holdings, Inc.",0001973266,4.74,0.2,15.5,6.25,0.83,Low Risk
474,Wayfair Inc.,0001616707,4.72,-0.31,3.44,6.22,1.48,High Risk
475,Elanco Animal Health Inc,0001739104,4.71,-0.23,13.36,6.81,0.55,Medium Risk
476,ATMOS ENERGY CORP,0000731802,4.7,1.2,28.25,,0.2,Low Risk
477,Hyatt Hotels Corp,0001468174,4.68,-0.05,14.04,10.38,0.79,Medium Risk
478,TPG Inc.,0001880661,4.67,0.18,13.49,9.36,0.83,Medium Risk
479,RB GLOBAL INC.,0001046102,4.59,0.43,12.14,6.08,0.53,Medium Risk
480,TransUnion,0001552033,4.58,0.46,11.11,6.57,0.85,Medium Risk
481,LOGITECH INTERNATIONAL S.A.,0001032975,4.55,0.63,3.54,1.41,1.5,Low Risk
482,"CORPAY, INC.",0001175454,4.53,1.07,26.41,,2.41,Low Risk
483,HEICO CORP,0000046619,4.49,0.69,8.5,3.65,0.14,Low Risk
484,IRON MOUNTAIN INC,0001020569,4.49,-0.05,21.13,,0.16,Low Risk
485,Palantir Technologies Inc.,0001321655,4.48,1.63,8.9,1.41,1.42,Low Risk
486,"Robinhood Markets, Inc.",0001783879,4.47,1.88,38.14,28.99,4.26,Medium Risk
487,CACI INTERNATIONAL INC /DE/,0000016058,4.47,0.5,8.65,4.75,0.11,Medium Risk
488,"AGILENT TECHNOLOGIES, INC.",0001090872,4.47,1.3,12.73,5.99,1.79,Low Risk
489,Warner Music Group Corp.,0001319161,4.46,0.36,9.83,9.07,0.53,High Risk
490,ALLIANT ENERGY CORP,0000352541,4.36,0.81,24.99,,0.56,Low Risk
491,"ILLUMINA, INC.",0001110803,4.34,0.85,6.64,,1.14,Low Risk
492,SERVICE CORP INTERNATIONAL,0000089089,4.31,0.54,18.65,,0.24,Low Risk
493,IDEXX LABORATORIES INC /DE,0000874716,4.3,1.06,3.35,1.75,0.18,Medium Risk
494,"NASDAQ, INC.",0001120193,4.28,1.79,31.05,18.82,0.6,Medium Risk
495,CROWN CASTLE INC.,0001051470,4.26,0.44,31.52,33.15,0.1,High Risk
496,"PINTEREST, INC.",0001506293,4.22,0.42,5.49,0.75,0.97,Low Risk
497,GENERAC HOLDINGS INC.,0001474735,4.21,0.16,5.57,2.93,0.34,Medium Risk
498,MOODYS CORP /DE/,0001059556,4.2,2.46,15.83,11.62,2.38,Medium Risk
499,MUELLER INDUSTRIES INC,0000089439,4.18,0.77,3.73,0.5,1.37,Low Risk
500,"BROADRIDGE FINANCIAL SOLUTIONS, INC.",0001383312,4.14,0.84,8.54,5.89,0.56,Medium Risk
501,HOLOGIC INC,0000859737,4.1,0.57,9.01,,1.96,Low Risk
502,"AMKOR TECHNOLOGY, INC.",0001047127,4.05,0.37,8.14,3.63,1.38,Low Risk
503,ATI INC,0001018963,4.04,0.4,5.1,3.18,0.42,Medium Risk
504,METTLER TOLEDO INTERNATIONAL INC/,0001037646,4.03,0.87,3.71,3.74,0.07,High Risk
505,VICI PROPERTIES INC.,0001705696,4.01,2.78,46.72,18.5,0.56,Low Risk
506,GLOBAL PAYMENTS INC,0001123360,3.98,1.4,53.34,29.56,8.34,Medium Risk
507,BROWN FORMAN CORP,0000014693,3.98,0.87,8.09,4.09,0.44,Medium Risk
508,ITT INC.,0000216228,3.94,0.49,6.31,2.22,1.74,Low Risk
509,MKS INC,0001049502,3.93,0.29,8.8,6.08,0.42,Medium Risk
510,nVent Electric plc,0001720635,3.89,0.71,6.85,3.12,0.19,Low Risk
511,Solstice Advanced Materials Inc.,0002064953,3.89,0.24,5.67,4.3,0.53,Medium Risk
512,"FIVE BELOW, INC",0001177609,3.88,0.25,4.34,2.53,0.2,Medium Risk
513,Evercore Inc.,0001360901,3.88,0.59,5.36,3.04,1.43,Medium Risk
514,MOOG INC.,0000067887,3.86,0.24,4.43,2.43,0.06,Medium Risk
515,"Western Midstream Partners, LP",0001423902,3.84,1.18,15.0,10.84,0.82,Medium Risk
516,SMITH A O CORP,0000091142,3.83,0.55,3.14,1.28,0.17,Low Risk
517,GameStop Corp.,0001326380,3.82,0.13,5.88,0.95,4.76,Low Risk
518,TRIMBLE INC.,0000864749,3.8,0.42,9.31,3.48,0.25,Low Risk
519,LINCOLN ELECTRIC HOLDINGS INC,0000059527,3.76,0.52,3.78,2.31,0.31,Medium Risk
520,Maplebear Inc.,0001579091,3.74,0.45,3.69,0.97,0.64,Low Risk
521,"Leonardo DRS, Inc.",0001833756,3.65,0.28,4.49,,0.65,Low Risk
522,Snowflake Inc.,0001640147,3.63,-1.29,9.03,6.03,2.63,Medium Risk
523,"Woodward, Inc.",0000108312,3.57,0.44,4.63,2.06,0.33,Low Risk
524,IDEX CORP /DE/,0000832101,3.46,0.48,6.93,2.9,0.58,Low Risk
525,"Datadog, Inc.",0001561550,3.43,0.11,6.64,2.91,0.4,Low Risk
526,Fabrinet,0001408710,3.42,0.33,2.83,0.85,0.31,Low Risk
527,FIRST HORIZON CORP,0000036966,3.42,0.98,83.88,74.73,0.83,High Risk
528,INCYTE CORP,0000879169,3.39,1.29,6.96,1.79,3.1,Low Risk
529,Extra Space Storage Inc.,0001289490,3.38,0.97,29.26,14.94,0.14,Medium Risk
530,"REVVITY, INC.",0000031791,3.31,0.24,12.17,4.92,0.92,Low Risk
531,REGAL REXNORD CORP,0000082811,3.26,0.28,13.92,,0.52,Low Risk
532,OGE ENERGY CORP.,0001021635,3.26,0.47,14.37,9.39,0.0,Medium Risk
533,LAM RESEARCH CORP,0000707549,3.24,5.36,21.35,11.48,6.39,Medium Risk
534,SAIA INC,0001177702,3.23,0.26,3.48,,0.02,Low Risk
535,"Affirm Holdings, Inc.",0001820953,3.22,0.05,11.15,8.09,1.35,Medium Risk
536,ENTEGRIS INC,0001101302,3.2,0.24,8.35,,0.36,Low Risk
537,PULTEGROUP INC/MI/,0000822416,3.19,2.22,18.05,5.06,1.98,Low Risk
538,"TERADYNE, INC",0000097210,3.19,0.55,4.18,1.39,0.29,Low Risk
539,WATERS CORP /DE/,0001000697,3.17,0.64,5.08,2.52,0.59,Low Risk
540,"Everpure, Inc.",0001474432,3.17,0.11,3.96,2.66,0.72,Medium Risk
541,RANGE RESOURCES CORP,0000315852,3.12,0.66,7.42,3.1,0.0,Low Risk
542,"F5, INC.",0001048695,3.09,0.69,6.32,1.63,1.34,Low Risk
543,"Verisk Analytics, Inc.",0001442145,3.07,0.91,6.2,5.89,2.18,High Risk
544,"RYAN SPECIALTY HOLDINGS, INC.",0001849253,3.05,0.06,10.56,9.31,0.16,High Risk
545,UL Solutions Inc.,0001901440,3.05,0.33,2.92,1.63,0.29,Medium Risk
546,AVALONBAY COMMUNITIES INC,0000915912,3.04,1.08,22.19,10.36,0.19,Low Risk
547,Allison Transmission Holdings Inc,0001411207,3.01,0.62,6.08,4.21,1.5,Medium Risk
548,"American Water Works Company, Inc.",0001410636,3.01,1.11,35.44,,0.1,Low Risk
549,"DOCUSIGN, INC.",0001261333,2.98,1.07,4.01,2.01,0.65,Medium Risk
550,RESMED INC,0000943819,2.96,1.4,8.17,2.21,1.21,Low Risk
551,Nextpower Inc.,0001852131,2.96,0.51,3.19,1.56,0.77,Low Risk
552,CLEAN HARBORS INC,0000822818,2.94,0.39,7.62,2.57,0.23,Low Risk
553,GLOBUS MEDICAL INC,0001237831,2.94,0.54,5.3,0.73,0.53,Low Risk
554,"Okta, Inc.",0001660134,2.92,0.23,9.71,2.71,0.86,Low Risk
555,"Trade Desk, Inc.",0001671933,2.9,0.44,6.15,3.67,0.66,Medium Risk
556,"ADVANCED DRAINAGE SYSTEMS, INC.",0001604028,2.9,0.45,3.69,2.05,0.46,Medium Risk
557,WEBSTER FINANCIAL CORP,0000801337,2.9,1.0,84.07,74.58,,High Risk
558,WEST PHARMACEUTICAL SERVICES INC,0000105770,2.89,0.49,4.27,1.09,0.79,Low Risk
559,DONALDSON Co INC,0000029644,2.84,0.37,2.98,1.52,0.18,Medium Risk
560,SBA COMMUNICATIONS CORP,0001034054,2.82,1.05,11.58,,0.26,Low Risk
561,"HEALTHPEAK PROPERTIES, INC.",0000765880,2.82,0.07,20.34,12.03,0.47,Medium Risk
562,"AXON ENTERPRISE, INC.",0001069183,2.78,0.12,7.0,3.76,1.2,Medium Risk
563,SOMNIGROUP INTERNATIONAL INC.,0001206264,2.75,0.38,11.6,8.48,0.07,Medium Risk
564,"Circle Internet Group, Inc.",0001876042,2.75,-0.07,78.71,75.38,1.53,High Risk
565,PTC INC.,0000857005,2.74,0.73,6.62,2.79,0.18,Low Risk
566,Invitation Homes Inc.,0001687229,2.73,0.59,18.68,9.11,0.13,Low Risk
567,INSULET CORP,0001145197,2.71,0.25,3.19,1.68,0.91,Medium Risk
568,EQUITY RESIDENTIAL,0000906107,2.7,1.12,20.75,9.34,0.06,Low Risk
569,"Zscaler, Inc.",0001713683,2.67,-0.04,6.42,4.62,2.39,Medium Risk
570,TORO CO,0000737758,2.62,0.32,3.44,,0.29,Low Risk
571,"Interactive Brokers Group, Inc.",0001381197,2.58,0.04,203.24,182.77,4.96,High Risk
572,Talen Energy Corp,0001622536,2.58,-0.22,10.9,9.81,0.69,High Risk
573,Ubiquiti Inc.,0001511737,2.57,0.71,1.47,0.8,0.15,Medium Risk
574,"Nutanix, Inc.",0001618732,2.54,0.19,3.28,3.98,0.77,High Risk
575,"COOPER COMPANIES, INC.",0000711404,2.53,0.37,12.39,4.16,0.11,Low Risk
576,"Medpace Holdings, Inc.",0001668397,2.53,0.45,1.98,1.52,0.5,Medium Risk
577,FTAI Aviation Ltd.,0001590364,2.51,-0.11,4.37,4.04,0.3,High Risk
578,AKAMAI TECHNOLOGIES INC,0001086222,2.5,0.45,11.48,6.5,0.93,Medium Risk
579,VERTEX PHARMACEUTICALS INC / MA,0000875320,2.49,3.95,25.64,6.98,5.08,Low Risk
580,"Super Micro Computer, Inc.",0001375365,2.48,1.05,14.02,7.72,5.17,Medium Risk
581,"Essential Utilities, Inc.",0000078128,2.47,0.62,19.46,,0.03,Low Risk
582,"MongoDB, Inc.",0001441816,2.46,-0.07,3.76,0.81,1.08,Low Risk
583,WATTS WATER TECHNOLOGIES INC,0000795403,2.44,0.34,2.88,,0.41,Low Risk
584,Allegion plc,0001579241,2.41,0.64,5.22,3.16,0.36,Medium Risk
585,"HOULIHAN LOKEY, INC.",0001302215,2.39,0.4,3.82,1.64,0.97,Low Risk
586,CURTISS WRIGHT CORP,0000026324,2.39,0.48,5.22,2.69,0.17,Medium Risk
587,WESTINGHOUSE AIR BRAKE TECHNOLOGIES CORP,0000943452,2.39,1.17,22.07,10.88,0.47,Low Risk
588,Ingersoll Rand Inc.,0001699150,2.38,0.58,18.3,8.14,1.25,Low Risk
589,Royalty Pharma plc,0001802768,2.38,0.77,19.62,9.91,0.62,Medium Risk
590,TopBuild Corp,0001633931,2.38,0.52,6.61,4.29,0.18,Medium Risk
591,PRICE T ROWE GROUP INC,0001113169,2.37,2.09,14.34,2.29,3.38,Low Risk
592,ROYAL CARIBBEAN CRUISES LTD,0000884887,2.33,4.27,41.62,31.37,0.82,Medium Risk
593,Crane Co,0001944013,2.31,0.37,3.85,,0.51,Low Risk
594,SUN COMMUNITIES INC,0000912593,2.31,1.41,12.52,5.19,0.57,Low Risk
595,SEI INVESTMENTS CO,0000350894,2.3,0.72,2.68,0.43,0.4,Low Risk
596,"SPX Technologies, Inc.",0000088205,2.27,0.24,3.6,,0.36,Low Risk
597,Palo Alto Networks Inc,0001327567,2.27,1.13,23.58,15.75,2.27,Medium Risk
598,"American Healthcare REIT, Inc.",0001632970,2.26,0.07,5.43,2.07,0.11,Low Risk
599,NORDSON CORP,0000072331,2.25,0.48,5.92,,0.11,Low Risk
600,Symbotic Inc.,0001837240,2.25,-0.02,2.4,1.92,1.24,Medium Risk
601,GRACO INC,0000042888,2.24,0.52,3.27,,0.62,Low Risk
602,Roblox Corp,0001315098,2.23,-1.07,9.56,9.18,1.21,High Risk
603,"Cboe Global Markets, Inc.",0001374310,2.23,1.1,9.31,4.17,2.22,Low Risk
604,MID AMERICA APARTMENT COMMUNITIES INC.,0000912595,2.21,0.45,11.98,6.14,0.06,Medium Risk
605,"Reddit, Inc.",0001713445,2.2,0.53,3.24,0.31,0.95,Low Risk
606,"Cloudflare, Inc.",0001477333,2.17,-0.1,6.04,4.58,0.94,Medium Risk
607,CARPENTER TECHNOLOGY CORP,0000017843,2.16,0.38,3.49,1.6,0.32,Low Risk
608,ROLLINS INC,0000084839,2.16,0.53,3.14,1.77,0.1,Medium Risk
609,"Workday, Inc.",0001327811,2.14,0.69,18.07,10.27,1.5,Medium Risk
610,KIMCO REALTY CORP,0000879101,2.14,0.58,19.69,9.12,0.21,Low Risk
611,GENERAL MILLS INC,0000040704,2.04,2.3,33.07,23.86,0.36,Medium Risk
612,GARTNER INC,0000749251,2.02,0.73,8.09,7.77,1.72,High Risk
613,Bloom Energy Corp,0001664703,2.02,-0.3,4.4,3.6,2.45,High Risk
614,SOUTHWEST AIRLINES CO,0000092380,2.01,0.44,29.06,,3.23,Low Risk
615,"ServiceNow, Inc.",0001373715,1.93,1.75,26.04,13.07,3.73,Medium Risk
616,"ESSEX PROPERTY TRUST, INC.",0000920522,1.89,0.39,13.16,7.42,0.08,Medium Risk
617,NEW YORK TIMES CO,0000071691,1.78,0.34,3.0,,0.26,Low Risk
618,DOVER Corp,0000029905,1.78,1.09,13.42,,0.51,Low Risk
619,Arthur J. Gallagher & Co.,0000354190,1.72,1.49,70.67,47.32,0.34,Medium Risk
620,W. P. Carey Inc.,0001025378,1.72,0.47,17.99,9.86,0.16,Medium Risk
621,"UDR, Inc.",0000074208,1.71,0.38,10.61,6.46,0.0,Medium Risk
622,"Dynatrace, Inc.",0001773383,1.7,0.48,4.14,1.52,1.02,Low Risk
623,"BWX Technologies, Inc.",0001486957,1.69,0.33,4.27,3.04,0.5,Medium Risk
624,ERIE INDEMNITY CO,0000922621,1.69,0.56,3.36,1.07,0.27,Low Risk
625,SS&C Technologies Holdings Inc,0001402436,1.68,0.8,20.71,13.77,0.46,Medium Risk
626,VERISIGN INC/CA,0001014473,1.66,0.32,1.33,3.48,0.31,High Risk
627,RBC Bearings INC,0001324948,1.64,0.25,4.69,1.65,0.04,Low Risk
628,CINTAS CORP,0000723254,1.62,1.81,9.83,,0.26,Low Risk
629,"Gaming & Leisure Properties, Inc.",0001575965,1.59,0.83,12.91,7.9,0.03,Medium Risk
630,HUNTINGTON BANCSHARES INC /MD/,0000049196,1.56,2.21,225.11,200.73,2.67,High Risk
631,REGENCY CENTERS CORP,0000910606,1.55,0.53,13.0,5.82,,Low Risk
632,JACK HENRY & ASSOCIATES INC,0000779152,1.54,0.46,3.04,0.91,0.05,Low Risk
633,EQUITY LIFESTYLE PROPERTIES INC,0000895417,1.53,0.4,5.75,3.93,0.04,Medium Risk
634,TEVA PHARMACEUTICAL INDUSTRIES LTD,0000818686,1.5,1.41,40.75,32.83,3.56,High Risk
635,UNITED THERAPEUTICS Corp,0001082554,1.48,1.33,7.88,0.78,1.56,Low Risk
636,ON SEMICONDUCTOR CORP,0001097864,1.45,0.12,12.52,4.83,2.15,Low Risk
637,"Viper Energy, Inc.",0002074176,1.4,-0.07,12.67,2.31,0.01,Low Risk
638,Penumbra Inc,0001321732,1.4,0.18,1.83,0.4,0.19,Low Risk
639,MODINE MANUFACTURING CO,0000067347,1.35,0.18,1.92,1.0,0.07,Medium Risk
640,"Celsius Holdings, Inc.",0001341766,1.32,0.11,5.12,2.18,0.4,Low Risk
641,BIOMARIN PHARMACEUTICAL INC,0001048477,1.31,0.35,7.59,1.51,1.31,Low Risk
642,FEDERAL REALTY INVESTMENT TRUST,0000034903,1.28,0.41,9.13,5.63,0.11,Medium Risk
643,"Tempus AI, Inc.",0001717115,1.27,-0.25,2.27,1.78,0.6,Medium Risk
644,MSCI Inc.,0001408198,1.27,1.2,5.7,8.36,0.52,High Risk
645,Samsara Inc.,0001642896,1.25,-0.15,2.02,0.96,0.23,Low Risk
646,"DT Midstream, Inc.",0001842022,1.24,0.44,10.08,5.2,0.05,Medium Risk
647,"IonQ, Inc.",0001824920,1.24,-0.51,6.57,2.76,1.03,Low Risk
648,MASIMO CORP,0000937556,1.24,-0.15,1.7,0.98,0.15,Medium Risk
649,OMEGA HEALTHCARE INVESTORS INC,0000888491,1.19,0.59,10.05,4.61,0.03,Low Risk
650,Antero Midstream Corp,0001623925,1.19,0.02,5.88,3.91,0.18,Medium Risk
651,American Homes 4 Rent,0001562401,1.18,,13.24,5.53,0.11,Low Risk
652,"Confluent, Inc.",0001699838,1.17,-0.3,2.99,1.82,0.35,Medium Risk
653,COHERENT CORP.,0000820318,1.16,0.05,14.91,6.43,0.91,Low Risk
654,VEEVA SYSTEMS INC,0001393052,1.1,0.71,7.34,1.51,1.12,Low Risk
655,"ZILLOW GROUP, INC.",0001617640,1.08,0.02,5.68,0.8,0.77,Low Risk
656,"Figma, Inc.",0001579878,1.06,-1.25,2.35,0.84,0.4,Low Risk
657,"ALNYLAM PHARMACEUTICALS, INC.",0001178670,1.04,0.31,4.97,4.18,1.66,High Risk
658,ROYAL GOLD INC,0000085535,1.03,0.47,9.54,2.33,0.23,Low Risk
659,TELEDYNE TECHNOLOGIES INC,0001094285,1.02,0.89,15.29,4.77,0.35,Low Risk
660,"Guardant Health, Inc.",0001576280,0.98,-0.42,2.01,2.11,0.38,High Risk
661,"MACOM Technology Solutions Holdings, Inc.",0001493594,0.97,-0.05,2.1,0.78,0.11,Low Risk
662,"COSTAR GROUP, INC.",0001057352,0.97,0.01,10.54,2.17,1.63,Low Risk
663,"STERLING INFRASTRUCTURE, INC.",0000874238,0.96,0.29,2.63,1.53,0.39,Medium Risk
664,"Rubrik, Inc.",0001943896,0.89,-1.15,1.42,1.98,0.19,High Risk
665,Tradeweb Markets Inc.,0001758730,0.89,0.81,8.19,1.0,2.08,Low Risk
666,"Astera Labs, Inc.",0001736297,0.85,0.22,1.53,0.17,0.17,Low Risk
667,Texas Pacific Land Corp,0001811074,0.8,0.48,1.62,0.16,0.14,Low Risk
668,DYCOM INDUSTRIES INC,0000067215,0.79,0.28,5.98,4.12,0.71,Medium Risk
669,PENTAIR plc,0000077360,0.76,0.65,6.87,3.0,0.08,Low Risk
670,"KRATOS DEFENSE & SECURITY SOLUTIONS, INC.",0001069258,0.75,0.02,2.47,0.47,0.56,Low Risk
671,BENTLEY SYSTEMS INC,0001031308,0.73,0.28,3.56,2.37,0.12,Medium Risk
672,AGREE REALTY CORP,0000917251,0.72,0.2,9.8,3.53,0.02,Low Risk
673,EASTGROUP PROPERTIES INC,0000049600,0.72,,5.43,1.94,0.02,Low Risk
674,"Guidewire Software, Inc.",0001528396,0.72,,2.72,1.26,0.7,Low Risk
675,"Coeur Mining, Inc.",0000215466,0.71,0.59,4.7,,0.55,Low Risk
676,HECLA MINING CO/DE/,0000719413,0.65,0.32,3.56,0.97,0.24,Low Risk
677,"SoFi Technologies, Inc.",0001818874,0.62,0.48,50.66,40.17,4.93,Medium Risk
678,Rocket Lab Corp,0001819994,0.6,-0.2,2.32,0.6,0.83,Low Risk
679,BLUE OWL CAPITAL INC.,0001823945,0.57,0.08,12.47,6.41,0.19,Medium Risk
680,COPART INC,0000900075,0.53,1.55,10.09,0.88,0.19,Low Risk
681,IREN Ltd,0001878848,0.5,0.09,2.94,1.12,0.56,Low Risk
682,"BridgeBio Pharma, Inc.",0001743881,0.5,,0.94,3.01,0.57,High Risk
683,TYLER TECHNOLOGIES INC,0000860731,0.49,0.32,5.64,1.94,1.02,Low Risk
684,Jazz Pharmaceuticals plc,0001232524,0.48,-0.36,11.66,,1.39,Low Risk
685,Strategy Inc,0001050446,0.46,-3.85,61.64,10.6,2.3,Low Risk
686,ADVANCED ENERGY INDUSTRIES INC,0000927003,0.45,0.05,2.55,1.18,0.79,Low Risk
687,"EXELIXIS, INC.",0000939767,0.45,0.78,2.84,0.68,0.48,Low Risk
688,Credo Technology Group Holding Ltd,0001807794,0.44,0.05,0.81,0.13,0.24,Low Risk
689,TWILIO INC,0001447669,0.4,0.03,9.77,1.95,0.68,Low Risk
690,Lumentum Holdings Inc.,0001633978,0.4,0.03,4.22,3.08,0.52,Medium Risk
691,ALIGN TECHNOLOGY INC,0001097149,0.39,0.41,6.23,2.18,1.09,Low Risk
692,RAMBUS INC,0000917273,0.39,0.23,1.53,0.17,0.18,Low Risk
693,LATTICE SEMICONDUCTOR CORP,0000855658,0.39,0.0,0.88,0.17,0.13,Low Risk
694,FAIR ISAAC CORP,0000814547,0.37,0.65,1.87,3.61,0.13,High Risk
695,Karman Holdings Inc.,0002040127,0.35,0.01,0.77,0.58,0.01,Medium Risk
696,MP Materials Corp. / DE,0001801368,0.33,-0.09,3.86,1.47,1.17,Low Risk
697,MONOLITHIC POWER SYSTEMS INC,0001280452,0.33,0.62,4.19,0.66,1.1,Low Risk
698,AeroVironment Inc,0001368622,0.27,,1.12,,0.04,Low Risk
699,BeOne Medicines Ltd.,0001651308,0.24,0.29,8.19,3.83,4.55,Low Risk
700,DEXCOM INC,0001093557,0.22,0.84,6.34,3.59,0.92,Medium Risk
701,"Natera, Inc.",0001604821,0.21,-0.21,2.4,0.69,0.47,Low Risk
702,IONIS PHARMACEUTICALS INC,0000874015,0.2,-0.38,3.52,3.03,0.37,High Risk
703,"MADRIGAL PHARMACEUTICALS, INC.",0001157601,0.18,-0.29,1.26,0.66,0.2,Medium Risk
704,NEUROCRINE BIOSCIENCES INC,0000914475,0.16,0.48,4.63,1.38,0.71,Low Risk
705,HUBSPOT INC,0001404655,0.14,0.05,3.85,1.79,0.88,Low Risk
706,EAST WEST BANCORP INC,0001069157,0.06,1.33,80.43,71.54,4.19,High Risk
707,"QXO, Inc.",0001236275,0.05,-0.28,15.89,6.18,2.36,Low Risk
708,Roivant Sciences Ltd.,0001635088,0.03,-0.17,5.44,0.25,2.72,Low Risk
709,APPLIED INDUSTRIAL TECHNOLOGIES INC,0000109563,0.02,0.39,3.18,1.33,0.26,Low Risk
710,CAMDEN PROPERTY TRUST,0000906345,0.01,0.38,9.04,4.6,0.03,Medium Risk
711,INSMED Inc,0001104506,0.0,-1.28,2.26,1.53,0.51,Medium Risk
712,EXACT SCIENCES CORP,0001124140,0.0,-0.21,5.86,3.46,0.96,Medium Risk
713,"Revolution Medicines, Inc.",0001628171,0.0,-1.13,2.35,0.72,0.38,Low Risk
714,FLOWSERVE CORP,0000030625,0.0,0.35,5.71,3.03,0.76,Medium Risk
715,"AST SpaceMobile, Inc.",0001780312,0.0,-0.34,5.01,2.62,2.34,Medium Risk
716,Vertiv Holdings Co,0001674101,0.0,1.33,12.21,8.27,1.73,Medium Risk
717,Summit Therapeutics Inc.,0001599298,0.0,-1.08,0.75,0.09,0.23,Low Risk
718,Eaton Corp plc,0001551182,0.0,4.09,41.25,,0.62,Low Risk
719,"United States Oil Fund, LP",0001327068,-0.06,-0.06,0.89,0.0,0.65,Unknown
720,ISHARES GOLD TRUST,0001278680,-0.61,24.26,6.21,0.0,0.0,Unknown
721,iShares Silver Trust,0001330568,-1.91,21.31,5.26,0.0,0.0,Unknown
722,GOLDMAN SACHS GROUP INC,0000886982,,17.18,1809.32,1684.35,164.26,High Risk
723,SPDR GOLD TRUST,0001222333,,35.55,124.57,0.04,0.0,Low Risk
724,"CrowdStrike Holdings, Inc.",0001535527,,-0.16,11.09,6.61,5.23,Medium Risk
725,VALERO ENERGY CORP/TX,0001035002,,2.35,57.99,,4.69,Low Risk
726,TRUIST FINANCIAL CORP,0000092230,,,547.54,482.35,20.3,High Risk
727,FIFTH THIRD BANCORP,0000035527,,2.52,214.38,192.65,,High Risk
728,"Rocket Companies, Inc.",0001805284,,-0.07,60.69,37.79,2.7,Medium Risk
729,"OLD DOMINION FREIGHT LINE, INC.",0000878927,,1.02,5.47,1.16,0.12,Low Risk
730,Grayscale Bitcoin Trust ETF,0001588489,,,14.5,0.0,,Unknown
731,Kraft Heinz Co,0001637459,,-5.85,81.79,40.0,2.62,Low Risk
732,Synchrony Financial,0001601712,,3.55,119.09,102.33,14.97,High Risk
733,REGIONS FINANCIAL CORP,0001281761,,2.16,158.81,139.71,3.54,High Risk
734,Flutter Entertainment plc,0001635327,,,29.28,19.58,1.83,Medium Risk
735,ANNALY CAPITAL MANAGEMENT INC,0001043219,,2.03,135.61,119.45,1.41,High Risk
736,LAMAR ADVERTISING CO/NEW,0001090425,,0.59,6.93,5.91,0.06,High Risk
737,ARES CAPITAL CORP,0001287750,,1.3,31.23,16.92,0.64,Medium Risk
738,"Pinnacle Financial Partners, Inc.",0002082866,,0.64,57.71,50.66,,High Risk
739,J M SMUCKER Co,0000091419,,-1.23,17.56,11.48,0.1,Medium Risk
740,AGNC Investment Corp.,0001423689,,1.67,115.08,102.68,0.45,High Risk
741,APA Corp,0001841666,,1.43,17.76,,0.52,Low Risk
742,SouthState Bank Corp,0000764038,,0.8,67.2,58.14,0.38,High Risk
